,dress,shirt,pant,jacket,sweatshirt
parent-tree-avg,0.0007616281509399414,0.0007346868515014648,0.0049544572830200195,0.9935302734375,
stage-tree-avg,,,,0.9832763671875,0.016765594482421875
