,dress,shirt,pant,jacket,sweatshirt
parent-tree-avg,0.0004792213439941406,0.0007598400115966797,0.0014507770538330078,0.997314453125,
stage-tree-avg,,,,0.9970703125,0.0029153823852539062
