,dress,shirt,pant,jacket,sweatshirt
parent-tree-avg,0.09063720703125,0.015903472900390625,0.005065441131591797,0.888427734375,
stage-tree-avg,,,,0.97119140625,0.02889537811279297
