,dress,shirt,pant,jacket,sweatshirt
parent-tree-avg,0.0035881996154785156,0.012018203735351562,0.003229856491088867,0.981201171875,
stage-tree-avg,,,,0.1112213134765625,0.888916015625
