,dress,shirt,pant,jacket,sweatshirt
parent-tree-avg,0.008392572402954102,0.02632772922515869,0.015979379415512085,0.94921875,
stage-tree-avg,,,,0.972412109375,0.027544498443603516
