,dress,shirt,pant,jacket,sweatshirt
parent-tree-avg,0.00021348893642425537,0.000222817063331604,0.00019128620624542236,0.9993896484375,
stage-tree-avg,,,,0.998779296875,0.001152634620666504
