,dress,shirt,pant,jacket,sweatshirt
parent-tree-avg,0.0002383589744567871,0.00022864341735839844,0.00032830238342285156,0.999267578125,
stage-tree-avg,,,,0.9913330078125,0.008697986602783203
