,dress,shirt,pant,jacket,sweatshirt
parent-tree-avg,0.029470443725585938,0.04172515869140625,0.14128351211547852,0.78759765625,
stage-tree-avg,,,,0.42755126953125,0.5723876953125
