,dress,shirt,pant,jacket,sweatshirt
parent-tree-avg,0.0032541751861572266,0.00044476985931396484,0.003497302532196045,0.9927978515625,
final-tree-avg,,,,0.9981689453125,0.0017414689064025879
