,dress,shirt,pant,jacket,skirt
parent-tree-avg,0.7459716796875,0.2045135498046875,0.040111541748046875,0.00940847396850586,
sub-tree-avg,0.427642822265625,,,,0.57220458984375
