,dress,shirt,pant,jacket,sweatshirt
parent-tree-avg,0.00016322731971740723,0.00015388429164886475,0.0005347728729248047,0.999267578125,
sub-tree-avg,,,,0.9970703125,0.002782583236694336
