,dress,shirt,pant,jacket,sweatshirt
parent-tree-avg,0.000131949782371521,0.00010643899440765381,9.773671627044678e-05,0.99951171875,
sub-tree-avg,,,,0.9996337890625,0.0003446638584136963
