,dress,shirt,pant,jacket,skirt
parent-tree-avg,0.432830810546875,0.1425628662109375,0.23038578033447266,0.19417285919189453,
sub-tree-avg,0.446807861328125,,,,0.55328369140625
