,dress,shirt,pant,jacket,sweatshirt
parent-tree-avg,0.013508796691894531,0.006557941436767578,0.010316848754882812,0.9697265625,
sub-tree-avg,,,,0.9691162109375,0.030771255493164062
