,dress,shirt,pant,jacket,skirt
parent-tree-avg,0.8350830078125,0.16016387939453125,0.002076864242553711,0.00272524356842041,
sub-tree-avg,0.932861328125,,,,0.06705284118652344
