,dress,shirt,pant,jacket,sweatshirt
parent-tree-avg,0.00016108155250549316,0.0004264414310455322,0.0007356405258178711,0.998779296875,
sub-tree-avg,,,,0.95849609375,0.041423797607421875
