,dress,shirt,pant,jacket,skirt
parent-tree-avg,0.75341796875,0.09107208251953125,0.008414745330810547,0.1470947265625,
sub-tree-avg,0.7586669921875,,,,0.2412109375
