,dress,shirt,pant,jacket,sweatshirt
parent-tree-avg,0.0005093514919281006,0.10256195068359375,0.005201071500778198,0.891845703125,
sub-tree-avg,,,,0.035823822021484375,0.9642333984375
