,dress,shirt,pant,jacket,skirt
parent-tree-avg,0.9368896484375,0.04824066162109375,0.013313531875610352,0.0014455020427703857,
sub-tree-avg,0.9246826171875,,,,0.07530593872070312
