,dress,shirt,pant,jacket,sweatshirt
parent-tree-avg,0.026445388793945312,0.040096282958984375,0.08871340751647949,0.8448486328125,
sub-tree-avg,,,,0.4573974609375,0.5426025390625
