,dress,shirt,pant,jacket,sweatshirt
parent-tree-avg,0.001022040843963623,0.0032100677490234375,0.012107014656066895,0.983642578125,
sub-tree-avg,,,,0.5146484375,0.4852294921875
