,dress,shirt,pant,jacket
parent-tree-avg,0.7880859375,0.172027587890625,0.03223419189453125,0.007626533508300781
sub-tree-avg,0.7880859375,0.172027587890625,0.03223419189453125,0.007626533508300781
