,dress,shirt,pant,jacket,sweatshirt
parent-tree-avg,0.00048598647117614746,0.0007468461990356445,0.0014678239822387695,0.9974365234375,
sub-tree-avg,,,,0.9969482421875,0.002938985824584961
