,dress,shirt,pant,jacket,sweatshirt
parent-tree-avg,0.011091232299804688,0.2170867919921875,0.23038291931152344,0.5415191650390625,
sub-tree-avg,,,,0.044189453125,0.9556884765625
