,dress,shirt,pant,jacket,sweatshirt
parent-tree-avg,0.092559814453125,0.01598834991455078,0.004511117935180664,0.8870849609375,
sub-tree-avg,,,,0.9736328125,0.026396751403808594
