,dress,shirt,pant,jacket,sweatshirt
parent-tree-avg,0.0007660984992980957,0.007852554321289062,0.005673050880432129,0.9857177734375,
sub-tree-avg,,,,0.10941314697265625,0.890625
