,dress,shirt,pant,jacket,sweatshirt
parent-tree-avg,0.08319568634033203,0.39764404296875,0.007832169532775879,0.5112342834472656,
sub-tree-avg,,,,0.515380859375,0.484619140625
