,dress,shirt,pant,jacket,sweatshirt
parent-tree-avg,0.016401290893554688,0.012285232543945312,0.0034929513931274414,0.9677734375,
sub-tree-avg,,,,0.282196044921875,0.7178955078125
