,dress,shirt,pant,jacket,sweatshirt
parent-tree-avg,0.00023862719535827637,0.00025650858879089355,0.0002836287021636963,0.9991455078125,
sub-tree-avg,,,,0.991455078125,0.008601188659667969
