,dress,shirt,pant,jacket,sweatshirt
parent-tree-avg,0.005952596664428711,0.229400634765625,0.15338456630706787,0.61114501953125,
sub-tree-avg,,,,0.3347930908203125,0.665191650390625
