,dress,shirt,pant,jacket,sweatshirt
parent-tree-avg,0.031139373779296875,0.020887374877929688,0.0008102655410766602,0.9471435546875,
sub-tree-avg,,,,0.6014404296875,0.39874267578125
