,dress,shirt,pant,jacket,sweatshirt
parent-tree-avg,0.02677440643310547,0.09076213836669922,0.0419921875,0.840576171875,
sub-tree-avg,,,,0.477783203125,0.522216796875
