,dress,shirt,pant,jacket,sweatshirt
parent-tree-avg,0.000949561595916748,0.0007608532905578613,0.0025932788848876953,0.9957275390625,
sub-tree-avg,,,,0.9898681640625,0.010039329528808594
