,dress,shirt,pant,jacket,sweatshirt
parent-tree-avg,0.10250091552734375,0.03277015686035156,0.022573471069335938,0.8421630859375,
sub-tree-avg,,,,0.876220703125,0.12372636795043945
