,dress,shirt,pant,jacket,sweatshirt
parent-tree-avg,0.0005816221237182617,0.0006688237190246582,0.005799978971481323,0.992919921875,
sub-tree-avg,,,,0.9993896484375,0.0007184743881225586
