,dress,shirt,pant,jacket,sweatshirt
parent-tree-avg,0.00070953369140625,0.00079345703125,0.0028808116912841797,0.99560546875,
sub-tree-avg,,,,0.9761962890625,0.023769378662109375
