,dress,shirt,pant,jacket,sweatshirt
parent-tree-avg,0.00046521425247192383,0.10564422607421875,0.006008565425872803,0.8878173828125,
sub-tree-avg,,,,0.03499603271484375,0.965087890625
