,dress,shirt,pant,jacket,sweatshirt
parent-tree-avg,0.00046539306640625,0.05651092529296875,0.008800506591796875,0.9342041015625,
sub-tree-avg,,,,0.07379150390625,0.9261474609375
