,dress,shirt,pant,jacket,sweatshirt
parent-tree-avg,0.008556365966796875,0.135589599609375,0.2315673828125,0.62432861328125,
sub-tree-avg,,,,0.004356861114501953,0.9957275390625
