,dress,shirt,pant,jacket,sweatshirt
parent-tree-avg,0.008355379104614258,0.022886157035827637,0.015682190656661987,0.9530029296875,
sub-tree-avg,,,,0.978271484375,0.021864652633666992
