,dress,shirt,pant,jacket,sweatshirt
parent-tree-avg,0.00018194317817687988,0.0005218386650085449,0.001486659049987793,0.9979248046875,
sub-tree-avg,,,,0.9603271484375,0.0397186279296875
