,dress,shirt,pant,jacket,sweatshirt
parent-tree-avg,0.0008287429809570312,0.0006132125854492188,0.0015694797039031982,0.9969482421875,
sub-tree-avg,,,,0.952880859375,0.047084808349609375
