,dress,shirt,pant,jacket,sweatshirt
parent-tree-avg,0.002689957618713379,0.0023239850997924805,0.33977508544921875,0.6552877426147461,
sub-tree-avg,,,,0.760498046875,0.239471435546875
