,dress,shirt,pant,jacket,sweatshirt
parent-tree-avg,0.020584583282470703,0.00827789306640625,0.04271000623703003,0.928466796875,
sub-tree-avg,,,,0.494415283203125,0.50567626953125
