,dress,shirt,pant,jacket,sweatshirt
parent-tree-avg,0.00030425190925598145,0.0006300806999206543,0.008402615785598755,0.99072265625,
sub-tree-avg,,,,0.875732421875,0.12408447265625
