,dress,shirt,pant,jacket,sweatshirt
parent-tree-avg,0.016071319580078125,0.0067920684814453125,0.010761260986328125,0.9664306640625,
sub-tree-avg,,,,0.9677734375,0.03205108642578125
