,dress,shirt,pant,jacket,sweatshirt
parent-tree-avg,0.0005097389221191406,0.062835693359375,0.016791343688964844,0.919921875,
stage-tree-avg,,,,0.05742645263671875,0.942626953125
