,dress,shirt,pant,jacket,sweatshirt
parent-tree-avg,0.0005370974540710449,0.003007650375366211,0.0026665925979614258,0.9937744140625,
stage-tree-avg,,,,0.945068359375,0.05499076843261719
