,dress,shirt,pant,jacket,sweatshirt
parent-tree-avg,0.07201004028320312,0.18744277954101562,0.12320327758789062,0.61737060546875,
sub-tree-avg,,,,0.6298828125,0.370147705078125
