,dress,shirt,pant,jacket,sweatshirt
parent-tree-avg,0.003888845443725586,0.0004507899284362793,0.0020808428525924683,0.9935302734375,
sub-tree-avg,,,,0.9984130859375,0.0015734434127807617
