,dress,shirt,pant,jacket,sweatshirt
parent-tree-avg,0.003558635711669922,0.010862350463867188,0.0027649402618408203,0.982666015625,
sub-tree-avg,,,,0.114288330078125,0.8856201171875
