,dress,shirt,pant,jacket,"short, skirt"
parent-tree-avg,0.004530191421508789,0.3207054138183594,0.6590576171875,0.0157318115234375,
sub-tree-avg,,,,,1.0
