,dress,shirt,pant,jacket,"short, skirt"
parent-tree-avg,0.0006240606307983398,0.00102996826171875,0.99658203125,0.0018169879913330078,
sub-tree-avg,,,,,1.0
