,dress,shirt,pant,jacket,"short, skirt"
parent-tree-avg,0.14951014518737793,0.16024398803710938,0.6547088623046875,0.03556549549102783,
sub-tree-avg,,,,,1.0
