,dress,shirt,pant,jacket,"short, skirt"
parent-tree-avg,0.0049457550048828125,0.008550167083740234,0.985107421875,0.0013832449913024902,
sub-tree-avg,,,,,1.0
