,dress,shirt,pant,jacket,"short, skirt"
parent-tree-avg,0.00824594497680664,0.005528926849365234,0.9796142578125,0.006604671478271484,
sub-tree-avg,,,,,1.0
