,dress,shirt,pant,jacket,"short, skirt"
parent-tree-avg,0.09220504760742188,0.22643280029296875,0.671234130859375,0.010143280029296875,
sub-tree-avg,,,,,1.0
