,dress,shirt,pant,jacket,"short, skirt"
parent-tree-avg,0.0005327612161636353,0.007765293121337891,0.9908447265625,0.0008067339658737183,
sub-tree-avg,,,,,1.0
