,dress,shirt,pant,jacket,"short, skirt"
parent-tree-avg,0.035086631774902344,0.008655548095703125,0.951416015625,0.00478363037109375,
sub-tree-avg,,,,,1.0
