,dress,shirt,pant,jacket,"short, skirt"
parent-tree-avg,0.010798931121826172,0.028606414794921875,0.846923828125,0.11356830596923828,
sub-tree-avg,,,,,1.0
