,dress,shirt,pant,jacket,skirt
parent-tree-avg,0.476104736328125,0.0909881591796875,0.410308837890625,0.022577285766601562,
sub-tree-avg,0.1608428955078125,,,,0.839111328125
