,dress,shirt,pant,jacket,sweatshirt
parent-tree-avg,0.0002677440643310547,0.0006802082061767578,0.006335794925689697,0.9927978515625,
sub-tree-avg,,,,0.863037109375,0.1368865966796875
