,dress,shirt,pant,jacket,"short, skirt"
parent-tree-avg,0.0073528289794921875,0.037041664123535156,0.9403076171875,0.015280485153198242,
sub-tree-avg,,,,,1.0
