,dress,shirt,pant,jacket,"short, skirt"
parent-tree-avg,0.009467840194702148,0.015564680099487305,0.8857421875,0.08922672271728516,
sub-tree-avg,,,,,1.0
