,dress,shirt,pant,jacket,skirt
parent-tree-avg,0.52313232421875,0.463165283203125,0.012722969055175781,0.000997304916381836,
sub-tree-avg,0.60906982421875,,,,0.39081573486328125
