,dress,shirt,pant,jacket,sweatshirt
parent-tree-avg,0.0010668039321899414,0.0031147003173828125,0.008822113275527954,0.987060546875,
final-tree-avg,,,,0.537353515625,0.462646484375
