,dress,shirt,pant,jacket,sweatshirt
parent-tree-avg,0.00969076156616211,0.1927337646484375,0.2314457893371582,0.5660858154296875,
final-tree-avg,,,,0.047023773193359375,0.952880859375
