,dress,shirt,pant,jacket,sweatshirt
parent-tree-avg,0.0002643764019012451,0.0001256316900253296,0.0002691000699996948,0.9993896484375,
final-tree-avg,,,,0.9969482421875,0.0031442642211914062
