,dress,shirt,pant,jacket,sweatshirt
parent-tree-avg,0.0025985240936279297,0.0021576881408691406,0.0011365413665771484,0.994140625,
sub-tree-avg,,,,0.998779296875,0.0011962056159973145
