,dress,shirt,pant,jacket
parent-tree-avg,0.42742919921875,0.0830078125,0.30588531494140625,0.18369770050048828
sub-tree-avg,0.42742919921875,0.0830078125,0.30588531494140625,0.18369770050048828
