,dress,shirt,pant,jacket,sweatshirt
parent-tree-avg,0.02475595474243164,0.00859689712524414,0.041941702365875244,0.9246826171875,
sub-tree-avg,,,,0.5084228515625,0.491455078125
