,dress,shirt,pant,jacket
parent-tree-avg,0.89111328125,0.049468994140625,0.006669521331787109,0.05280876159667969
sub-tree-avg,0.89111328125,0.049468994140625,0.006669521331787109,0.05280876159667969
