,dress,shirt,pant,jacket,sweatshirt
parent-tree-avg,0.0007561445236206055,0.0005854368209838867,0.0013929903507232666,0.997314453125,
sub-tree-avg,,,,0.955810546875,0.0441131591796875
