,dress,shirt,pant,jacket
parent-tree-avg,0.6533203125,0.266845703125,0.07242965698242188,0.007358551025390625
sub-tree-avg,0.6533203125,0.266845703125,0.07242965698242188,0.007358551025390625
