,dress,shirt,pant,jacket,sweatshirt
parent-tree-avg,0.0004852414131164551,0.08249664306640625,0.002678990364074707,0.914306640625,
sub-tree-avg,,,,0.05094146728515625,0.9490966796875
