,dress,shirt,pant,jacket
parent-tree-avg,0.56787109375,0.222503662109375,0.05329588055610657,0.1563873291015625
sub-tree-avg,0.56787109375,0.222503662109375,0.05329588055610657,0.1563873291015625
