,dress,shirt,pant,jacket,sweatshirt
parent-tree-avg,0.0006570219993591309,0.00022095441818237305,0.0010240674018859863,0.9981689453125,
sub-tree-avg,,,,0.998779296875,0.001084446907043457
