,dress,shirt,pant,jacket,sweatshirt
parent-tree-avg,0.0022530555725097656,0.030076980590820312,0.008863449096679688,0.958740234375,
sub-tree-avg,,,,0.03835296630859375,0.9615478515625
