,dress,shirt,pant,jacket,sweatshirt
parent-tree-avg,0.0852508544921875,0.108978271484375,0.1035003662109375,0.7022705078125,
sub-tree-avg,,,,0.19744873046875,0.802490234375
