,dress,shirt,pant,jacket,sweatshirt
parent-tree-avg,0.0007352232933044434,0.0007766485214233398,0.0003527998924255371,0.998046875,
sub-tree-avg,,,,0.99755859375,0.002421140670776367
