,dress,shirt,pant,jacket,sweatshirt
parent-tree-avg,0.281402587890625,0.034038543701171875,0.0970458984375,0.58746337890625,
sub-tree-avg,,,,0.83544921875,0.1646270751953125
