,dress,shirt,pant,jacket,sweatshirt
parent-tree-avg,0.0007275938987731934,0.0076389312744140625,0.005859285593032837,0.9857177734375,
sub-tree-avg,,,,0.10335540771484375,0.8966064453125
