,dress,shirt,pant,jacket,skirt
parent-tree-avg,0.733154296875,0.22747802734375,0.0261688232421875,0.013079166412353516,
sub-tree-avg,0.85205078125,,,,0.147918701171875
