,dress,shirt,pant,jacket,sweatshirt
parent-tree-avg,0.012401819229125977,0.38484954833984375,0.030178546905517578,0.572540283203125,
sub-tree-avg,,,,0.08873653411865234,0.911376953125
