,dress,shirt,pant,jacket,t-shirt,poloshirt,henleyshirt,chambrayshirt,baseballshirt,sweatshirt
parent-tree-avg,0.011668682098388672,0.97265625,0.013963699340820312,0.00167083740234375,,,,,,
sub-tree-avg,,,,,0.40545654296875,0.03107452392578125,0.00759124755859375,0.19183349609375,0.3505859375,0.013438224792480469
