,dress,shirt,pant,jacket,sweatshirt
parent-tree-avg,0.00015626847743988037,0.00016017258167266846,0.0005523562431335449,0.9991455078125,
sub-tree-avg,,,,0.9971923828125,0.002779245376586914
