,dress,shirt,pant,jacket,sweatshirt
parent-tree-avg,0.00012943148612976074,0.00011458992958068848,0.00012874603271484375,0.99951171875,
sub-tree-avg,,,,0.9996337890625,0.0003891587257385254
