,dress,shirt,pant,jacket,sweatshirt
parent-tree-avg,0.260101318359375,0.029222488403320312,0.089019775390625,0.621826171875,
sub-tree-avg,,,,0.8458251953125,0.1540679931640625
