,dress,shirt,pant,jacket
parent-tree-avg,0.73876953125,0.2315673828125,0.018015384674072266,0.011639595031738281
sub-tree-avg,0.73876953125,0.2315673828125,0.018015384674072266,0.011639595031738281
