,dress,shirt,pant,jacket,sweatshirt
parent-tree-avg,0.0005141496658325195,0.003020048141479492,0.0025582313537597656,0.993896484375,
sub-tree-avg,,,,0.9422607421875,0.057830810546875
