,dress,shirt,pant,jacket
parent-tree-avg,0.666748046875,0.239776611328125,0.0685577392578125,0.02477741241455078
sub-tree-avg,0.666748046875,0.239776611328125,0.0685577392578125,0.02477741241455078
