,dress,shirt,pant,jacket,sweatshirt
parent-tree-avg,0.08155441284179688,0.1714611053466797,0.13908767700195312,0.607879638671875,
final-tree-avg,,,,0.67962646484375,0.320281982421875
