,dress,shirt,pant,jacket,sweatshirt
parent-tree-avg,0.260467529296875,0.0656890869140625,0.2341461181640625,0.4397125244140625,
final-tree-avg,,,,0.6287841796875,0.37115478515625
