,dress,shirt,pant,jacket,sweatshirt
parent-tree-avg,0.005254030227661133,0.24784088134765625,0.1744089126586914,0.572479248046875,
final-tree-avg,,,,0.3216094970703125,0.67840576171875
