,dress,shirt,pant,jacket,sweatshirt
parent-tree-avg,0.00394439697265625,0.0026488304138183594,0.43216705322265625,0.5613272190093994,
final-tree-avg,,,,0.7298583984375,0.27020263671875
