,shirt,t-shirt,poloshirt
parent-tree-avg,0.1871337890625,0.81298828125,
sub-tree-avg,,0.6844482421875,0.31549072265625
