,shirt,t-shirt,poloshirt
parent-tree-avg,0.140380859375,0.85986328125,
sub-tree-avg,,0.8768310546875,0.1233062744140625
