,shirt,t-shirt,poloshirt
parent-tree-avg,0.27197265625,0.72802734375,
sub-tree-avg,,0.478302001953125,0.521728515625
