,shirt,t-shirt,poloshirt
parent-tree-avg,0.1778564453125,0.822265625,
sub-tree-avg,,0.0696563720703125,0.9302978515625
