,shirt,t-shirt,poloshirt
parent-tree-avg,0.2451171875,0.7548828125,
sub-tree-avg,,0.7786865234375,0.221282958984375
