,shirt,t-shirt,sweatshirt
parent-tree-avg,0.546875,0.453369140625,
sub-tree-avg,0.860595703125,,0.1395263671875
