,shirt,t-shirt,poloshirt
parent-tree-avg,0.1519775390625,0.84814453125,
sub-tree-avg,,0.8253173828125,0.174652099609375
