,shirt,t-shirt,poloshirt
parent-tree-avg,0.1480712890625,0.85205078125,
sub-tree-avg,,0.2761697769165039,0.7237548828125
