,shirt,t-shirt,poloshirt
parent-tree-avg,0.08038330078125,0.91943359375,
sub-tree-avg,,0.9893798828125,0.010524749755859375
