,shirt,t-shirt,poloshirt
parent-tree-avg,0.19677734375,0.80322265625,
sub-tree-avg,,0.9180908203125,0.0819091796875
