,shirt,t-shirt,sweatshirt
parent-tree-avg,0.607421875,0.392333984375,
sub-tree-avg,0.541748046875,,0.4582061767578125
