,shirt,t-shirt,poloshirt
parent-tree-avg,0.09136962890625,0.90869140625,
sub-tree-avg,,0.875732421875,0.124237060546875
