,dress,shirt,pant,jacket,sweatshirt
parent-tree-avg,0.0039882659912109375,0.004299163818359375,0.028589248657226562,0.963134765625,
sub-tree-avg,,,,0.9615478515625,0.038272857666015625
