,shirt,t-shirt,poloshirt
parent-tree-avg,0.102294921875,0.8974609375,
sub-tree-avg,,0.9991455078125,0.0008479952812194824
