,shirt,t-shirt,sweatshirt
parent-tree-avg,0.67578125,0.32421875,
sub-tree-avg,0.43212890625,,0.56793212890625
