,dress,shirt,pant,jacket,sweatshirt
parent-tree-avg,0.004603385925292969,0.050571441650390625,0.012454509735107422,0.932373046875,
sub-tree-avg,,,,0.16588401794433594,0.8341064453125
