,shirt,t-shirt,poloshirt
parent-tree-avg,0.2147216796875,0.78515625,
sub-tree-avg,,0.7939453125,0.2060546875
