,shirt,t-shirt,poloshirt
parent-tree-avg,0.381103515625,0.61865234375,
sub-tree-avg,,0.028865575790405273,0.9710693359375
