,shirt,t-shirt,poloshirt
parent-tree-avg,0.359375,0.640625,
sub-tree-avg,,0.2747802734375,0.7252197265625
