,shirt,t-shirt,sweatshirt
parent-tree-avg,0.69287109375,0.307373046875,
sub-tree-avg,0.5361328125,,0.4637451171875
