,dress,shirt,pant,jacket,sweatshirt
parent-tree-avg,0.04455280303955078,0.055145263671875,0.24269485473632812,0.65753173828125,
sub-tree-avg,,,,0.117950439453125,0.882080078125
