,shirt,t-shirt,sweatshirt
parent-tree-avg,0.7548828125,0.2451171875,
sub-tree-avg,0.712432861328125,,0.28762972354888916
