,shirt,t-shirt,poloshirt
parent-tree-avg,0.1422119140625,0.85791015625,
sub-tree-avg,,0.9451904296875,0.05486297607421875
