,shirt,t-shirt,poloshirt
parent-tree-avg,0.4072265625,0.5927734375,
sub-tree-avg,,0.7626953125,0.23736572265625
