,shirt,t-shirt,sweatshirt
parent-tree-avg,0.69921875,0.30078125,
sub-tree-avg,0.2797698974609375,,0.72021484375
