,shirt,t-shirt,poloshirt
parent-tree-avg,0.3701171875,0.6298828125,
sub-tree-avg,,0.007008075714111328,0.9930419921875
