,shirt,t-shirt,sweatshirt
parent-tree-avg,0.55078125,0.449462890625,
sub-tree-avg,0.29925537109375,,0.7008056640625
