,shirt,t-shirt,poloshirt
parent-tree-avg,0.090087890625,0.90966796875,
sub-tree-avg,,0.8150634765625,0.18487548828125
