,shirt,t-shirt,poloshirt
parent-tree-avg,0.1143798828125,0.8857421875,
sub-tree-avg,,0.92822265625,0.07170867919921875
