,shirt,t-shirt,poloshirt
parent-tree-avg,0.39990234375,0.60009765625,
sub-tree-avg,,0.02595376968383789,0.9739990234375
