,shirt,t-shirt,poloshirt
parent-tree-avg,0.0233306884765625,0.9765625,
sub-tree-avg,,0.9801025390625,0.02000904083251953
