,shirt,t-shirt,poloshirt
parent-tree-avg,0.07476806640625,0.92529296875,
sub-tree-avg,,0.78155517578125,0.21844482421875
