,shirt,t-shirt,poloshirt
parent-tree-avg,0.08154296875,0.91845703125,
sub-tree-avg,,0.984619140625,0.015316009521484375
