,shirt,t-shirt,poloshirt
parent-tree-avg,0.31396484375,0.68603515625,
sub-tree-avg,,0.3642425537109375,0.635772705078125
