,dress,shirt,pant,jacket,sweatshirt
parent-tree-avg,0.0005692243576049805,0.00044906139373779297,0.003492116928100586,0.9954833984375,
sub-tree-avg,,,,0.993408203125,0.0065593719482421875
