,shirt,t-shirt,poloshirt
parent-tree-avg,0.26904296875,0.73095703125,
sub-tree-avg,,0.401641845703125,0.59832763671875
