,shirt,t-shirt,poloshirt
parent-tree-avg,0.341552734375,0.658203125,
sub-tree-avg,,0.06313896179199219,0.9368896484375
