,shirt,t-shirt,sweatshirt
parent-tree-avg,0.55078125,0.449462890625,
sub-tree-avg,0.0155029296875,,0.9844970703125
