,shirt,t-shirt,poloshirt
parent-tree-avg,0.0966796875,0.9033203125,
sub-tree-avg,,0.9947509765625,0.005272388458251953
