,shirt,t-shirt,poloshirt
parent-tree-avg,0.19677734375,0.80322265625,
sub-tree-avg,,0.3155517578125,0.6845703125
