,shirt,t-shirt,poloshirt
parent-tree-avg,0.49609375,0.50390625,
sub-tree-avg,,0.364837646484375,0.6351318359375
