,shirt,t-shirt,poloshirt
parent-tree-avg,0.2783203125,0.7216796875,
sub-tree-avg,,0.39483642578125,0.60516357421875
