,dress,shirt,pant,jacket,"short, skirt"
parent-tree-avg,0.0004559457302093506,0.0015652775764465332,0.9873046875,0.010711431503295898,
sub-tree-avg,,,,,1.0
