,dress,shirt,pant,jacket,"short, skirt"
parent-tree-avg,0.09102630615234375,0.1036376953125,0.788818359375,0.016509056091308594,
sub-tree-avg,,,,,1.0
