,dress,shirt,pant,jacket,"short, skirt"
parent-tree-avg,0.06972503662109375,0.0546417236328125,0.870361328125,0.005155086517333984,
sub-tree-avg,,,,,1.0
