,dress,shirt,pant,jacket,"short, skirt"
parent-tree-avg,0.1829681396484375,0.07995414733886719,0.47354888916015625,0.263519287109375,
sub-tree-avg,,,,,1.0
