,dress,shirt,pant,jacket,"short, skirt"
parent-tree-avg,0.01638007164001465,0.031917572021484375,0.9381103515625,0.013560295104980469,
sub-tree-avg,,,,,1.0
