,dress,shirt,pant,jacket,"short, skirt"
parent-tree-avg,0.006217479705810547,0.07732105255126953,0.913330078125,0.0031958818435668945,
sub-tree-avg,,,,,1.0
