,dress,shirt,pant,jacket,"short, skirt"
parent-tree-avg,0.3535003662109375,0.1757049560546875,0.45391845703125,0.016832351684570312,
sub-tree-avg,,,,,1.0
