,dress,shirt,pant,jacket,"short, skirt"
parent-tree-avg,0.0010602325201034546,0.011007994413375854,0.9830322265625,0.005007818341255188,
sub-tree-avg,,,,,1.0
