,dress,shirt,pant,jacket,"short, skirt"
parent-tree-avg,0.0035614967346191406,0.018402099609375,0.9649658203125,0.012980461120605469,
sub-tree-avg,,,,,1.0
