,dress,shirt,pant,jacket,sweatshirt
parent-tree-avg,0.011574983596801758,0.3954620361328125,0.031263113021850586,0.561767578125,
sub-tree-avg,,,,0.09823799133300781,0.9017333984375
