,dress,shirt,pant,jacket,"short, skirt"
parent-tree-avg,0.0054931640625,0.0060901641845703125,0.9715576171875,0.016824722290039062,
sub-tree-avg,,,,,1.0
