,dress,shirt,pant,jacket,"short, skirt"
parent-tree-avg,0.004956245422363281,0.017545700073242188,0.969482421875,0.007898330688476562,
sub-tree-avg,,,,,1.0
