,dress,shirt,pant,jacket,skirt
parent-tree-avg,0.57305908203125,0.13129663467407227,0.18813973665237427,0.10756254196166992,
sub-tree-avg,0.385406494140625,,,,0.614654541015625
