,dress,shirt,pant,jacket,"short, skirt"
parent-tree-avg,0.010076761245727539,0.024877071380615234,0.9560546875,0.0088883638381958,
sub-tree-avg,,,,,1.0
