,dress,shirt,pant,jacket,sweatshirt
parent-tree-avg,0.007578849792480469,0.1542510986328125,0.23902130126953125,0.599151611328125,
sub-tree-avg,,,,0.004134654998779297,0.995849609375
