,dress,shirt,pant,jacket,"short, skirt"
parent-tree-avg,0.022233963012695312,0.079071044921875,0.7564697265625,0.14217019081115723,
sub-tree-avg,,,,,1.0
