,dress,shirt,pant,jacket,"short, skirt"
parent-tree-avg,0.02814340591430664,0.04183769226074219,0.9100341796875,0.02000141143798828,
sub-tree-avg,,,,,1.0
