,dress,shirt,pant,jacket,sweatshirt
parent-tree-avg,0.017303466796875,0.01270294189453125,0.003984689712524414,0.966064453125,
sub-tree-avg,,,,0.270477294921875,0.7293701171875
