,dress,shirt,pant,jacket
parent-tree-avg,0.531280517578125,0.434326171875,0.004492402076721191,0.030013561248779297
sub-tree-avg,0.531280517578125,0.434326171875,0.004492402076721191,0.030013561248779297
