,dress,shirt,pant,jacket,sweatshirt
parent-tree-avg,0.002433300018310547,0.0018763542175292969,0.0011657476425170898,0.99462890625,
sub-tree-avg,,,,0.9989013671875,0.00104600191116333
