,dress,shirt,pant,jacket,sweatshirt
parent-tree-avg,0.00020840764045715332,0.00022239983081817627,0.00020281970500946045,0.999267578125,
sub-tree-avg,,,,0.998779296875,0.0012508630752563477
