,dress,shirt,pant,jacket,sweatshirt
parent-tree-avg,0.00025016069412231445,0.00012005865573883057,0.0002697408199310303,0.9993896484375,
sub-tree-avg,,,,0.996826171875,0.0031309127807617188
