,dress,shirt,pant,jacket,sweatshirt
parent-tree-avg,0.013563156127929688,0.18958282470703125,0.17791175842285156,0.6190185546875,
sub-tree-avg,,,,0.2771148681640625,0.7230224609375
