,dress,shirt,pant,jacket,sweatshirt
parent-tree-avg,0.011988639831542969,0.005540370941162109,0.2200716733932495,0.762420654296875,
sub-tree-avg,,,,0.9903564453125,0.009529590606689453
