,dress,shirt,pant,jacket,sweatshirt
parent-tree-avg,0.041210174560546875,0.059658050537109375,0.43474578857421875,0.46443939208984375,
sub-tree-avg,,,,0.14017105102539062,0.85986328125
