,dress,shirt,pant,jacket,sweatshirt
parent-tree-avg,0.037654876708984375,0.03200531005859375,0.101654052734375,0.8287353515625,
sub-tree-avg,,,,0.1024322509765625,0.8975830078125
