,dress,shirt,pant,jacket,sweatshirt
parent-tree-avg,0.0017325878143310547,0.0005495548248291016,0.001255124807357788,0.99658203125,
sub-tree-avg,,,,0.990234375,0.00981283187866211
