,dress,shirt,pant,jacket,sweatshirt
parent-tree-avg,0.1125020980834961,0.0043125152587890625,0.005469322204589844,0.877685546875,
sub-tree-avg,,,,0.970703125,0.029203414916992188
